MAE,RMSE,MAPE,R-squared
0.006574486783228441,0.008672966111718514,0.03555562065006893,0.9919934113140367
